<?xml version="1.0"?>
<doc>
    <assembly>
        <name>DSharpPlus.Interactivity</name>
    </assembly>
    <members>
        <member name="P:DSharpPlus.Interactivity.InteractivityConfiguration.Timeout">
            <summary>
            <para>Sets the default interactivity action timeout.</para>
            <para>Defaults to 1 minute.</para>
            </summary>
        </member>
        <member name="P:DSharpPlus.Interactivity.InteractivityConfiguration.PaginationTimeout">
            <summary>
            <para>Sets the default pagination timeout.</para>
            <para>Defaults to 2 minutes.</para>
            </summary>
        </member>
        <member name="P:DSharpPlus.Interactivity.InteractivityConfiguration.PaginationBehavior">
            <summary>
            <para>Sets the default pagination timeout behaviour.</para>
            <para>Defaults to <see cref="F:DSharpPlus.Interactivity.TimeoutBehaviour.Ignore"/>.</para>
            </summary>
        </member>
        <member name="M:DSharpPlus.Interactivity.InteractivityConfiguration.#ctor">
            <summary>
            Creates a new instance of <see cref="T:DSharpPlus.Interactivity.InteractivityConfiguration"/>.
            </summary>
        </member>
        <member name="M:DSharpPlus.Interactivity.InteractivityConfiguration.#ctor(DSharpPlus.Interactivity.InteractivityConfiguration)">
            <summary>
            Creates a new instance of <see cref="T:DSharpPlus.Interactivity.InteractivityConfiguration"/>, copying the properties of another configuration.
            </summary>
            <param name="other">Configuration the properties of which are to be copied.</param>
        </member>
    </members>
</doc>
